Filename,Asset,Description,Use
player_token_1.svg through player_token_6.svg,6 player tokens,"Tokens representing various XIXth century military elements: a tank, a cannon, a biplane, a battleship, a zeppelin and a submarine.","Not in the original game, but will help to visualize ownership (placed in country area to denote owner). Placed near player name."
game_board_v3.svg,Game board,Picture of original imperial game board,Game board
game_board_overlay.svg,Game board overlay,Picture of original imperial game board with cyan markings labeled with reference code,Game board for the AI developing this code only. Actionable areas on the map are marked
overlay explained.csv,Reference code list,"Reference codes from the game board overlay, explained",Reference for AI only.
regions.csv,Neighboring areas,"List of neighboring areas on the board, between which transit is possible",Reference for AI only.
"Filenames start with ""bond"", then country name, and end with their value. Example syntax: bond_austria_hungary_1.png",Bonds,54 bond cards of the 6 nations,"Bonds are bought by the players, granting them financial benefits from dividends and potentially control over countries."
"Filenames start with ""flag"" and then country  name. Example syntax: flag_russia.png",Ownership flags,15 flags,Flags are used to denote ownership over neutral territories
investor.png,Investor token,Picture of investor token,Signifies player who is investor
"Filenames start with ""army"" and then country  name. Example syntax: army_russia.svg",Armies (land units),Each icon indicates an army. ,"Armies should be placed in their placement slots on land regions. Instead of multiple army tokens per region, we will have a single army token with a counter next to it indicating the number of armies. Do remeber that there is a total limit on the number of armies a nation can have, it is 8 for all countries with the exception of Britain (6 max) and Austria-Hungary (10 max). "
"Filenames start with ""fleet"" and then country  name. Example syntax: fleet_britain.svg",Fleets (sea units),Each icon indicates a fleet. ,"Fleets should be placed in their placement slots on sea regions or in ports. Instead of multiple fleet tokens per region, we will have a single fleet token with a counter next to it indicating the number of fleets. Do remeber that there is a total limit on the number of fleets a nation can have, it is 8 for all countries with the exception of Britain (10 max) and Austria-Hungary (6 max). "
factory_land.svg,Factory token,Each icon indicates a factory,factories are placed in factory slots in land regions
factory_sea.svg,Shipyard (Sea factory) token,Each icon indicates a shipyard,shipyards are placed in shipyard slots in land regions
turn_marker.png,Turn marker,Replaces the wooden pawn turn marker,Indicates which country's turn it is.
"Filenames start with ""marker"" and then country  name. Example syntax: marker_austria-hungary.svg","Score, Tax and Rondel Marker",These replace the 6 tall octagonal country markers (1 per country) and 12 short octagonal country markers.,"Make three copies per country. Score marker is used to mark the current score of the country on the score track. Should be scaled so that all 6 can potentially fit into one of the smaller score spaces (0 space is bigger than others). Tax marker is used to mark the last taxation level of the country during its last taxation action. Should be scaled so that all 6 country markers can potentially fit into one of the tax track spaces. Rondel marker is used to mark the action that the country selects. Again, scale to fit potentially easily fit six per rondel space, with room to spare between them since rondel spaces are not rectangular."
background.png,Background ,Wood-pattern background,"Use whenever you need a background (for example, behind the game board page if needed)."
swiss_bank.png,swiss bank marker,Flag of switzerland,Used to denote player who controls no countries.