Code on board game overlay,Explanation
tax_2-5,"Tax track, 2-5 value space. Up to 6 tax markers can be placed in one tax space, and all 6 markers start in this 2-5 value range space. Tax markers are moved during the taxation action, to the space with value corresponding to the taxation of the country (1 for each controlled neutral territory, 2 for each land or sea factory)."
tax_6,"Tax track, 6 value space. Up to 6 tax markers can be placed in one tax space. Tax markers are moved during the taxation action, to the space with value corresponding to the taxation of the country (1 for each controlled neutral territory, 2 for each land or sea factory)."
tax_7,"Tax track, 7 value space. Up to 6 tax markers can be placed in one tax space. Tax markers are moved during the taxation action, to the space with value corresponding to the taxation of the country (1 for each controlled neutral territory, 2 for each land or sea factory)."
tax_8,"Tax track, 8 value space. Up to 6 tax markers can be placed in one tax space. Tax markers are moved during the taxation action, to the space with value corresponding to the taxation of the country (1 for each controlled neutral territory, 2 for each land or sea factory)."
tax_9,"Tax track, 9 value space. Up to 6 tax markers can be placed in one tax space. Tax markers are moved during the taxation action, to the space with value corresponding to the taxation of the country (1 for each controlled neutral territory, 2 for each land or sea factory)."
tax_10,"Tax track, 10 value space. Up to 6 tax markers can be placed in one tax space. Tax markers are moved during the taxation action, to the space with value corresponding to the taxation of the country (1 for each controlled neutral territory, 2 for each land or sea factory)."
tax_11,"Tax track, 11 value space. Up to 6 tax markers can be placed in one tax space. Tax markers are moved during the taxation action, to the space with value corresponding to the taxation of the country (1 for each controlled neutral territory, 2 for each land or sea factory)."
tax_12,"Tax track, 12 value space. Up to 6 tax markers can be placed in one tax space. Tax markers are moved during the taxation action, to the space with value corresponding to the taxation of the country (1 for each controlled neutral territory, 2 for each land or sea factory)."
tax_13,"Tax track, 13 value space. Up to 6 tax markers can be placed in one tax space. Tax markers are moved during the taxation action, to the space with value corresponding to the taxation of the country (1 for each controlled neutral territory, 2 for each land or sea factory)."
tax_14,"Tax track, 14 value space. Up to 6 tax markers can be placed in one tax space. Tax markers are moved during the taxation action, to the space with value corresponding to the taxation of the country (1 for each controlled neutral territory, 2 for each land or sea factory)."
tax_15+,"Tax track, 15 value space. Up to 6 tax markers can be placed in one tax space. Tax markers are moved during the taxation action, to the space with value corresponding to the taxation of the country (1 for each controlled neutral territory, 2 for each land or sea factory)."
uk_owner,"Space for the player token of the player currently in control of the united kingdom (may be called britain, great britain, UK in other sections of the rules). Mouse cursor held over this space should display a list of players and the total value of this country's bonds each of them has, and a list bonds of this country available for purchase."
uk_pawn,"Space for the turn marker (wooden pawn in the original rules, which we replaced with an Iron cross marker), which signifies that it is this country's turn to act."
uk_treasury,Display the total amount of money held by the united kingdom here. These counters replace the paper money used in the original version of the game. 
uk_tax,Display the taxation value of the united kingdom (Factories x 2 + number of neutral territories held by this country)
fra_owner,"Space for the player token of the player currently in control of france (may be called french republic, République
française, fra in other sections of the rules). Mouse cursor held over this space should display a list of players and the total value of this country's bonds each of them has, and a list bonds of this country available for purchase."
fra_pawn,"Space for the turn marker (wooden pawn in the original rules, which we replaced with an Iron cross marker), which signifies that it is this country's turn to act."
fra_treasury,Display the total amount of money held by france here. These counters replace the paper money used in the original version of the game. 
fra_tax,Display the taxation value of the france (Factories x 2 + number of neutral territories held by this country)
ita_owner,"Space for the player token of the player currently in control of italy (may be called ita, regno d'Italia, kingdom of Italy in other sections of the rules). Mouse cursor held over this space should display a list of players and the total value of this country's bonds each of them has, and a list bonds of this country available for purchase."
ita_pawn,"Space for the turn marker (wooden pawn in the original rules, which we replaced with an Iron cross marker), which signifies that it is this country's turn to act."
ita_treasury,Display the total amount of money held by italy here. These counters replace the paper money used in the original version of the game. 
ita_tax,Display the taxation value of italy (Factories x 2 + number of neutral territories held by this country)
ger_owner,"Space for the player token of the player currently in control of germany (may be called ger, german empire, deutsches reich in other section of the rules). Mouse cursor held over this space should display a list of players and the total value of this country's bonds each of them has, and a list bonds of this country available for purchase."
ger_pawn,"Space for the turn marker (wooden pawn in the original rules, which we replaced with an Iron cross marker), which signifies that it is this country's turn to act."
ger_treasury,Display the total amount of money held by germany here. These counters replace the paper money used in the original version of the game. 
ger_tax,Display the taxation value of germany (Factories x 2 + number of neutral territories held by this country)
rus_owner,"Space for the player token of the player currently in control of russia (may be called rus, russian empire, rossiyskaya imperia in other sections of the rules). Mouse cursor held over this space should display a list of players and the total value of this country's bonds each of them has, and a list bonds of this country available for purchase."
rus_pawn,"Space for the turn marker (wooden pawn in the original rules, which we replaced with an Iron cross marker), which signifies that it is this country's turn to act."
rus_treasury,Display the total amount of money held by russia here. These counters replace the paper money used in the original version of the game. 
rus_tax,Display the taxation value of russia (Factories x 2 + number of neutral territories held by this country)
ah_owner,"Space for the player token of the player currently in control of austria-hungary (may be called ah, austro-hungarian empire or Österreich-Ungarn in other sections of the rules). Mouse cursor held over this space should display a list of players and the total value of this country's bonds each of them has, and a list bonds of this country available for purchase."
ah_pawn,"Space for the turn marker (wooden pawn in the original rules, which we replaced with an Iron cross marker), which signifies that it is this country's turn to act."
ah_treasury,Display the total amount of money held by austria-hungary here. These counters replace the paper money used in the original version of the game. 
a_tax,Display the taxation value of austria-hungary (Factories x 2 + number of neutral territories held by this country)
score_0 through score_5,"These are spaces of the score track values 0 through 5, as denoted at the end of the name. All countries begin with a score of 0, so 6 country score token will begin in the score_0 space. These score tokens are advanced to further spaces of the score track as the game progresses, during the taxation action. These score values correspond to an x0 multiplier when calculating victory points (this multiplier is applied to the total value of stocks of a given country held by each player)."
score_6 through score_10,"These are spaces of the score track values 6 through 10, as denoted at the end of the name. Country score These score values correspond to an x1 multiplier when calculating victory points (this multiplier is applied to the total value of stocks of a given country held by each player)."
score_11 through score_15,"These are spaces of the score track values 11 through 15, as denoted at the end of the name. These score values correspond to an x2 multiplier when calculating victory points (this multiplier is applied to the total value of stocks of a given country held by each player)."
score_16 through score_20,"These are spaces of the score track values 16 through 20, as denoted at the end of the name. These score values correspond to an x3 multiplier when calculating victory points (this multiplier is applied to the total value of stocks of a given country held by each player)."
score_21 through score_24,"These are spaces of the score track values 21 through 24, as denoted at the end of the name. These score values correspond to an x4 multiplier when calculating victory points (this multiplier is applied to the total value of stocks of a given country held by each player)."
score_25,"This is the score 25 space, which corresponds to an x5 multiplier when calculating victory points (this multiplier is applied to the total value of stocks of a given country held by each player). The game ends when a country reaches this score level."
LR_#_space,"LR followed by number followed by space should be interpreted as a space in land region of the given number where land armies can be placed. If the land region is neutral, control flags can also be placed there when a country's land armies abandon it, to denote ownership. If the land region is assigned to a country at the beginning of the game, no flags can be placed there, only land armies. In the event that there are more armies/flags to be placed on that region than there are spaces for them, place the excess units/flag in contact with an already occupied space of that region. Regions have different number of such spaces simply due to physical limiations of the board, and each such space in the region has the exact same name. It doesn't matter which of these same-numbered spaces are chosen to use first."
SR_#_space,"SR followed by number followed by space should be interpreted as a space in sea region of the given number where fleets or control flags can be placed. In the event that there are more fleets/flags to be placed on that region than there are spaces for them, place the excess fleets/flags in contact with the an already occupied space of that region. Each such space in a single region has the exact same name. It doesn't matter which of these same-numbered spaces are chosen to use first."
LR_#_land_f,"LR followed by a number followed by land_f indicates a space for a region's land factory. Only non-neutral regions have spaces for land or sea factories. When a country is building a factory, the player controlling it should choose one of the land or sea factory slots in the original territory of that country."
LR_#_sea_f,"LR followed by a number followed by sea_f indicates a space for a region's sea factory. Only non-neutral regions have spaces for land or sea factories. When a country is building a factory, the player controlling it should choose one of the land or sea factory slots in the original territory of that country."
LR_#_port,"Newly built fleets are placed in ports. While in a port, a fleet participates in any combat in that land region just like an army. Fleets can also enter ports controlled by their country from a sea region, but only from the sea region connected to that port."
"Rondel 1 
space:
taxation","Place a country pawn here when a country performs this action. The rondel is circular, like a clock, so space 1 comes after space 8 (for the purposes of checking possible actions that a country can take). Each rondel space should be able to fit up to six country pawns, so the pawns for the rondel must be scaled to fit."
"Rondel 2 
space:
factory","Place a country pawn here when a country performs this action. The rondel is circular, like a clock, so space 1 comes after space 8 (for the purposes of checking possible actions that a country can take). Each rondel space should be able to fit up to six country pawns, so the pawns for the rondel must be scaled to fit."
"Rondel 3 
space:
production","Place a country pawn here when a country performs this action. The rondel is circular, like a clock, so space 1 comes after space 8 (for the purposes of checking possible actions that a country can take). Each rondel space should be able to fit up to six country pawns, so the pawns for the rondel must be scaled to fit."
"Rondel 4 
space:
manouver","Place a country pawn here when a country performs this action. The rondel is circular, like a clock, so space 1 comes after space 8 (for the purposes of checking possible actions that a country can take). Each rondel space should be able to fit up to six country pawns, so the pawns for the rondel must be scaled to fit."
"Rondel 5 
space:
investor","Place a country pawn here when a country performs this action. The rondel is circular, like a clock, so space 1 comes after space 8 (for the purposes of checking possible actions that a country can take). Each rondel space should be able to fit up to six country pawns, so the pawns for the rondel must be scaled to fit."
"Rondel 6 
space:
import","Place a country pawn here when a country performs this action. The rondel is circular, like a clock, so space 1 comes after space 8 (for the purposes of checking possible actions that a country can take). Each rondel space should be able to fit up to six country pawns, so the pawns for the rondel must be scaled to fit."
"Rondel 7 
space:
production","Place a country pawn here when a country performs this action. The rondel is circular, like a clock, so space 1 comes after space 8 (for the purposes of checking possible actions that a country can take). Each rondel space should be able to fit up to six country pawns, so the pawns for the rondel must be scaled to fit."
"Rondel 8
space:
manouver","Place a country pawn here when a country performs this action. The rondel is circular, like a clock, so space 1 comes after space 8 (for the purposes of checking possible actions that a country can take). Each rondel space should be able to fit up to six country pawns, so the pawns for the rondel must be scaled to fit."