Region,Region name,Region status,This region is connected to
LR1,Portugal,Neutral,"SR1, LR2"
LR2,Spain,Neutral,"SR1, SR2, LR1, LR3, LR4"
LR3,Bordeaux,France,"LR2, LR4, LR6, LR5, SR1, It's port is connected with SR1. Has starting sea factory."
LR4,Marseille,France,"SR2, LR2, LR3, LR6, LR41, it's port is connected to SR2"
LR5,Brest,France,"SR1, SR6, LR7, LR6, LR3, its port is connected to SR6"
LR6,Dijon,France,"LR4, LR3, LR7, LR8, LR13"
LR7,Paris,France,"SR6, LR5, LR6, LR8. Has starting land factory."
LR8,Belgium,Neutral,"LR6, LR7, SR6, LR9, LR10, LR13"
LR9,Holland,Neutral,"LR8, SR6, SR8, LR11, LR10"
LR10,Cologne,Germany,"LR8, LR9, LR11, LR12, LR13"
LR11,Hamburg,Germany,"SR8, SR9, LR12, LR10, LR25, LR9, its port is connected to SR8. Has starting sea factory."
LR12,Berlin,Germany,"SR9, LR10, LR11, LR13, LR15, LR19. Has starting land factory."
LR13,Munich,Germany,"LR6, LR8, LR10, LR12, LR15, LR14"
LR14,Vienna,Austria-Hungary,"LR42, LR41, LR13, LR15, LR16, LR18. Has starting land factory."
LR15,Prague,Austria-Hungary,"LR14, LR13, LR12, LR19, LR20, LR17, LR16"
LR16,Budapest,Austria-Hungary,"LR18, LR14, LR15, LR17, LR28, LR30. Has starting land factory."
LR17,Lemberg,Austria-Hungary,"LR15, LR16, LR28, LR22, LR20"
LR18,Trieste,Austria-Hungary,"SR3, LR42, LR14, LR16, LR30, its port is connected to SR3"
LR19,Danzig,Germany,"LR12, SR9, LR23, LR20, LR15, its port is connected to SR9"
LR20,Warsaw,Russia,"LR19, LR15, LR17, LR22, LR21, LR23"
LR21,Moscow,Russia,"LR23, LR20, LR22. Has starting land factory."
LR22,Kiyv,Russia,"LR20, LR21, LR24, LR17, LR28"
LR23,St. Petersburg,Russia,"SR9, LR19, LR20, LR21, its port is connected to SR9"
LR24,Odessa,Russia,"LR22, LR28, SR5, its port is connected to SR5. Has starting sea factory."
LR25,Denmark,Neutral,"SR8, SR9, LR11"
LR26,Norway,Neutral,"SR8, SR9, LR27"
LR27,Sweden,Neutral,"LR26, SR9"
LR28,Romania,Neutral,"LR16, LR17, LR22, LR24, SR5, LR29, LR30"
LR29,Bulgaria,Neutral,"LR28, SR5, LR32, LR31, LR30"
LR30,West Balkans,Neutral,"SR3, LR18, LR16, LR28, LR29, LR31"
LR31,Greece,Neutral,"SR3, LR30, LR29, LR32, SR4"
LR32,Turkey,Neutral,"SR4, SR5, LR31, LR29"
LR33,Tunis,Neutral,"LR34, SR2, SR3"
LR34,Algeria,Neutral,"SR2, LR33, LR35"
LR35,Morocco,Neutral,"SR1, LR34"
LR36,London,Great Britain,"SR6, SR8, SR7, LR37, LR38, its port is connected to SR6. Has starting sea factory."
LR37,Liverpool,Great Britain,"LR36, LR38, LR39, SR7, its port is connected to SR7. Has starting sea factory."
LR38,Sheffield,Great Britain,"LR37, LR36, LR39, SR8"
LR39,Edinburgh,Great Britain,"LR37, LR38, SR7, SR8, its port is connected to SR8"
LR40,Dublin,Great Britain,"SR7, its port is connected to SR7"
LR41,Genoa,Italy,"SR2, LR4, LR14, LR42, LR43, its port is connected to SR2"
LR42,Venice,Italy,"LR41, LR43, LR44, SR3, LR14, LR18, its port is connected to SR3"
LR43,Florence,Italy,"SR2, LR41, LR42, LR44"
LR44,Rome,Italy,"SR2, SR3, LR43, LR42, LR45. Has starting land factory."
LR45,Naples,Italy,"SR2, SR3, LR44, its port is connected to SR2. Has starting sea factory."
SR1,Bay of Biscay,Neutral,"SR6, SR7, SR2, LR5, LR3, LR2, LR1, LR35"
SR2,Western Mediterranean Sea,Neutral,"SR1, SR3, LR2, LR4, LR41, LR43, LR44, LR45, LR33, LR34"
SR3,Ionian Sea,Neutral,"SR2, SR4, LR33, LR45, LR44, LR42, LR18, LR30, LR31"
SR4,Eastern Mediterranean Sea,Neutral,"SR3, SR5, LR31, LR32"
SR5,Black Sea,Neutral,"LR32, LR29, LR28, LR24, SR4"
SR6,English Channel,Neutral,"SR1, SR7, SR8, LR36, LR9, LR8, LR7, LR5"
SR7,North Atlantic,Neutral,"SR1, SR8, SR6, LR40, LR39, LR37, LR36,"
SR8,North Sea,Neutral,"SR6, SR7, SR9, LR26, LR25, LR11, LR9, LR36, LR38, LR39"
SR9,Baltic Sea,Neutral,"LR26, LR27, LR23, LR19, LR12, LR11, LR25, SR8"